q3;qualifyId
1:26.714;1
1:26.869;2
1:27.079;3
1:27.178;4
1:27.236;5
1:28.527;6
1:28.687;7
1:29.041;8
1:29.593;9
1:35.748;23
1:36.230;24
1:36.613;25
1:36.709;26
1:36.711;27
1:36.727;28
1:36.753;29
1:37.009;30
1:38.450;31
1:39.656;32
1:33.096;45
1:33.123;46
1:33.292;47
1:33.418;48
1:33.488;49
1:33.737;50
1:33.994;51
1:34.015;52
1:35.057;53
1:35.115;54
1:21.813;67
1:21.904;68
1:22.058;69
1:22.065;70
1:22.096;71
1:22.231;72
1:22.429;73
1:22.529;74
1:22.542;75
1:22.699;76
1:27.617;89
1:27.808;90
1:27.923;91
1:27.936;92
1:28.390;93
1:28.417;94
1:28.422;95
1:28.836;96
1:28.882;97
1:29.959;98
1:15.787;109
1:15.815;110
1:15.839;111
1:16.165;112
1:16.171;113
1:16.548;114
1:16.852;115
1:17.203;116
1:17.343;117
1:17.886;129
1:18.498;130
1:18.735;131
1:18.746;132
1:18.844;133
1:19.048;134
1:19.089;135
1:19.633;136
1:20.848;137
1:16.449;149
1:16.490;150
1:16.693;151
1:16.840;152
1:16.920;153
1:16.944;154
1:17.037;155
1:17.233;156
1:17.426;157
1:17.596;158
1:21.049;169
1:21.554;170
1:21.706;171
1:21.835;172
1:21.873;173
1:22.029;174
1:22.491;175
1:23.251;176
1:23.305;177
1:15.666;189
1:15.859;190
1:16.143;191
1:16.191;192
1:16.385;193
1:16.389;194
1:16.521;195
1:17.014;196
1:17.244;197
1:17.503;198
1:20.899;209
1:21.140;210
1:21.191;211
1:21.281;212
1:21.326;213
1:21.516;214
1:21.698;215
1:21.732;216
1:21.767;217
1:22.371;218
1:38.989;229
1:39.199;230
1:39.392;231
1:39.488;232
1:39.937;233
1:40.142;234
1:40.309;235
1:40.631;236
1:40.721;237
1:40.750;238
1:47.338;249
1:47.678;250
1:47.815;251
1:47.992;252
1:48.315;253
1:48.504;254
1:48.736;255
1:48.763;256
1:48.951;257
1:50.319;258
1:37.555;269
1:37.631;270
1:38.117;271
1:38.445;272
1:38.767;273
1:38.894;274
1:39.152;275
1:39.751;276
1:39.787;277
1:39.906;278
1:44.801;289
1:45.465;290
1:45.617;291
1:45.779;292
1:45.873;293
1:45.964;294
1:46.244;295
1:46.328;296
1:46.611;297
1:47.547;298
1:18.404;309
1:18.644;310
1:18.821;311
1:18.852;312
1:18.874;313
1:18.979;314
1:19.026;315
1:19.118;316
1:19.638;317
1:20.167;318
1:36.303;329
1:36.645;330
1:36.889;331
1:36.927;332
1:36.930;333
1:37.083;334
1:37.201;335
1:37.685;336
1:37.934;337
1:38.885;338
1:12.368;349
1:12.737;350
1:12.825;351
1:12.830;352
1:12.917;353
1:12.967;354
1:13.082;355
1:13.297;356
1:14.105;357
1:14.230;358
1:26.072;369
1:26.493;370
1:26.556;371
1:26.755;372
1:27.347;373
1:27.634;374
1:27.934;375
1:28.404;376
1:28.692;377
1:28.871;378
1:35.043;391
1:35.310;392
1:35.479;393
1:36.045;394
1:36.543;395
1:36.829;396
1:36.839;397
1:36.902;398
1:37.078;399
1:37.345;400
1:32.652;413
1:32.935;414
1:33.131;415
1:33.192;416
1:33.404;417
1:33.710;418
1:34.056;419
1:34.106;420
1:34.154;421
1:34.399;422
1:21.421;435
1:21.451;436
1:21.723;437
1:21.785;438
1:22.253;439
1:22.324;440
1:22.389;441
1:22.568;442
1:22.749;443
1:22.881;444
1:15.726;457
1:15.905;458
1:15.967;459
1:16.285;460
1:16.439;461
1:16.784;462
1:16.832;463
1:16.955;464
1:17.498;465
1:17.939;466
1:15.707;479
1:16.163;480
1:16.266;481
1:16.411;482
1:16.570;483
1:16.913;484
1:16.919;485
1:16.993;486
1:17.229;487
1:17.747;488
1:12.331;501
1:12.500;502
1:12.703;503
1:12.839;504
1:12.847;505
1:13.308;506
1:13.513;507
1:13.789;508
1:13.871;509
1:13.953;510
1:15.034;523
1:15.104;524
1:15.257;525
1:15.493;526
1:15.674;527
1:15.826;528
1:15.900;529
1:15.935;530
1:16.328;531
1:19.997;545
1:20.099;546
1:20.147;547
1:20.265;548
1:20.401;549
1:20.516;550
1:20.721;551
1:20.775;552
1:20.894;553
1:21.240;554
1:31.450;567
1:31.741;568
1:31.778;569
1:31.840;570
1:32.123;571
1:32.476;572
1:32.478;573
1:32.501;574
1:32.570;575
1:33.833;576
1:19.674;589
1:19.781;590
1:20.259;591
1:20.410;592
1:20.632;593
1:20.714;594
1:20.876;595
1:21.079;596
1:21.206;597
1:21.256;598
1:27.329;611
1:27.373;612
1:27.546;613
1:27.574;614
1:27.722;615
1:28.037;616
1:28.491;617
1:28.501;618
1:28.740;619
1:29.322;620
1:21.997;633
1:22.034;634
1:22.549;635
1:23.174;636
1:23.183;637
1:23.446;638
1:24.102;639
1:24.382;640
1:24.555;641
1:25.165;642
1:45.994;655
1:46.011;656
1:46.091;657
1:46.406;658
1:47.334;659
1:47.409;660
1:47.524;661
1:47.798;662
1:48.505;663
1:46.996;668
1:25.368;677
1:25.438;678
1:25.516;679
1:25.765;680
1:26.505;681
1:26.913;682
1:26.914;683
1:26.973;684
1:27.225;685
1:26.728;692
1:35.908;699
1:36.044;700
1:36.221;701
1:36.576;702
1:37.619;703
1:38.013;704
1:38.153;705
1:38.455;706
1:38.472;707
1:39.285;708
1:11.931;721
1:12.082;722
1:12.322;723
1:12.356;724
1:12.928;725
1:13.081;726
1:13.129;727
1:13.195;728
1:13.272;729
1:13.477;730
1:31.431;743
1:31.478;744
1:31.549;745
1:31.702;746
1:32.164;747
1:32.579;748
1:33.006;749
1:33.112;750
1:33.496;751
1:33.926;752
1:33.840;765
1:33.986;766
1:34.626;767
1:34.668;768
1:34.672;769
1:34.916;770
1:34.983;771
1:35.747;772
1:38.715;773
1:25.229;787
1:25.635;788
1:25.778;789
1:25.822;790
1:25.976;791
1:26.612;792
1:26.937;793
1:27.579;794
1:29.239;795
1:22.795;809
1:22.988;810
1:23.242;811
1:23.702;812
1:23.709;813
1:23.772;814
1:24.021;815
1:24.158;816
1:24.172;817
1:24.795;818
1:29.816;831
1:30.028;832
1:30.407;833
1:30.754;834
1:30.933;835
1:30.940;836
1:31.419;837
1:31.542;838
1:31.880;839
1:33.405;840
1:14.648;853
1:14.709;854
1:14.970;855
1:15.442;856
1:15.885;857
1:15.885;858
1:15.976;859
1:16.008;860
1:16.015;861
1:17.144;862
1:13.962;875
1:14.082;876
1:14.140;877
1:14.664;878
1:15.804;879
1:15.857;880
1:16.426;881
1:16.636;882
1:17.260;883
1:20.253;897
1:20.397;898
1:20.574;899
1:20.764;900
1:20.919;901
1:20.943;902
1:21.073;903
1:21.107;904
1:21.329;905
1:21.599;906
1:14.942;919
1:15.178;920
1:15.386;921
1:15.968;922
1:15.986;923
1:16.012;924
1:16.228;925
1:16.608;926
1:16.912;927
1:17.209;928
1:10.832;941
1:11.435;942
1:11.920;943
1:12.109;944
1:12.449;945
1:12.479;946
1:12.523;947
1:12.795;948
1:13.174;949
1:15.280;950
1:15.493;963
1:15.510;964
1:15.785;965
1:16.036;966
1:16.091;967
1:16.281;968
1:16.345;969
1:16.632;970
1:18.272;971
1:18.663;972
1:14.070;985
1:14.205;986
1:14.569;987
1:14.862;988
1:14.894;989
1:14.934;990
1:15.282;991
1:15.923;992
1:15.936;993
1:16.326;994
1:19.599;1007
1:19.886;1008
1:20.085;1009
1:20.092;1010
1:20.117;1011
1:20.266;1012
1:20.759;1013
1:20.924;1014
1:21.132;1015
1:22.049;1016
1:26.907;1029
1:27.284;1030
1:27.321;1031
1:27.564;1032
1:27.569;1033
1:27.785;1034
1:27.790;1035
1:27.866;1036
1:28.167;1037
1:29.436;1038
1:21.484;1051
1:21.486;1052
1:21.653;1053
1:21.704;1054
1:22.011;1055
1:22.258;1056
1:22.280;1057
1:22.787;1058
1:23.175;1059
1:25.688;1060
1:44.360;1073
1:44.992;1074
1:45.503;1075
1:45.503;1076
1:45.754;1077
1:45.775;1078
1:45.877;1079
1:46.053;1080
1:46.632;1081
1:48.021;1082
1:29.599;1095
1:29.711;1096
1:29.989;1097
1:30.039;1098
1:30.371;1099
1:30.599;1100
1:30.992;1101
1:31.478;1102
1:31.513;1103
1:31.856;1104
1:10.680;1117
1:11.299;1118
1:11.328;1119
1:11.567;1120
1:11.619;1121
1:11.629;1122
1:11.695;1123
1:11.882;1124
1:12.131;1125
1:26.202;2986
1:26.505;2987
1:26.830;2988
1:26.914;2989
1:26.973;2990
1:26.975;2991
1:27.033;2992
1:27.127;2993
1:27.163;2994
1:27.246;2995
1:35.181;3006
1:35.273;3007
1:35.518;3008
1:35.651;3009
1:35.690;3010
1:35.750;3011
1:35.797;3012
1:36.106;3013
1:36.170;3014
1:37.659;3015
1:36.184;3026
1:36.381;3027
1:36.466;3028
1:36.493;3029
1:36.532;3030
1:36.835;3031
1:37.397;3032
1:38.089;3033
1:38.595;3034
1:39.321;3035
1:33.431;3046
1:33.712;3047
1:34.015;3048
1:34.044;3049
1:34.196;3050
1:34.239;3051
1:34.578;3052
1:34.818;3053
1:35.134;3054
1:35.380;3055
1:20.527;3066
1:20.660;3067
1:20.762;3068
1:20.934;3069
1:21.049;3070
1:21.247;3071
1:21.254;3072
1:21.392;3073
1:22.558;3074
1:22.685;3075
1:14.902;3086
1:14.927;3087
1:15.077;3088
1:15.271;3089
1:15.437;3090
1:15.455;3091
1:15.516;3092
1:15.653;3093
1:16.009;3094
1:17.344;3095
1:28.316;3106
1:28.421;3107
1:28.579;3108
1:28.613;3109
1:28.666;3110
1:28.815;3111
1:28.858;3112
1:29.075;3113
1:29.191;3114
1:29.357;3115
1:19.509;3126
1:19.856;3127
1:19.868;3128
1:20.091;3129
1:20.216;3130
1:20.289;3131
1:20.361;3132
1:20.490;3133
1:20.715;3134
1:20.741;3135
1:32.230;3146
1:32.357;3147
1:32.473;3148
1:32.480;3149
1:32.616;3150
1:33.859;3151
1:34.316;3152
1:34.574;3153
1:34.710;3154
1:34.803;3155
1:21.569;3166
1:21.607;3167
1:21.741;3168
1:21.839;3169
1:21.890;3170
1:22.095;3171
1:22.468;3172
1:22.511;3173
1:22.835;3174
1:39.489;3186
1:39.532;3187
1:39.563;3188
1:39.789;3189
1:39.821;3190
1:40.144;3191
1:40.185;3192
1:40.236;3193
1:40.239;3194
1:40.512;3195
1:46.308;3206
1:46.395;3207
1:46.500;3208
1:46.513;3209
1:46.586;3210
1:46.633;3211
1:46.677;3212
1:46.761;3213
1:46.788;3214
1:47.362;3215
1:24.066;3226
1:24.261;3227
1:24.523;3228
1:24.845;3229
1:25.015;3230
1:25.030;3231
1:25.043;3232
1:25.072;3233
1:25.180;3234
1:25.314;3235
1:47.891;3246
1:48.204;3247
1:48.348;3248
1:48.722;3249
1:48.828;3250
1:49.054;3251
1:49.180;3252
1:49.307;3253
1:49.514;3254
1:49.778;3255
1:32.160;3266
1:32.220;3267
1:32.395;3268
1:32.466;3269
1:32.660;3270
1:32.945;3271
1:32.962;3272
1:32.980;3273
1:19.576;3286
1:19.668;3287
1:19.912;3288
1:20.097;3289
1:20.168;3290
1:20.250;3291
1:20.326;3292
1:20.631;3293
1:20.674;3294
1:21.422;3295
1:40.948;3306
1:41.615;3307
1:41.726;3308
1:41.786;3309
1:41.892;3310
1:41.897;3311
1:41.992;3312
1:42.343;3313
1:42.583;3314
1:42.713;3315
1:54.101;3326
1:54.242;3327
1:54.608;3328
1:55.217;3329
1:55.241;3330
1:55.284;3331
1:55.524;3332
1:55.672;3333
1:55.885;3334
1:56.309;3335
1:23.919;3350
1:24.035;3351
1:24.111;3352
1:24.675;3353
1:24.837;3354
1:24.884;3355
1:24.927;3356
1:25.217;3357
1:25.372;3358
1:26.036;3359
1:49.327;3374
1:50.673;3375
1:50.789;3376
1:50.914;3377
1:51.001;3378
1:51.051;3379
1:51.511;3380
1:51.717;3381
1:51.767;3382
1:52.254;3383
1:34.558;3398
1:34.808;3399
1:34.913;3400
1:34.923;3401
1:34.979;3402
1:35.034;3403
1:35.180;3404
1:35.364;3405
1:35.646;3406
1:35.963;3407
1:19.995;3422
1:20.101;3423
1:20.829;3424
1:20.937;3425
1:20.991;3426
1:21.294;3427
1:21.353;3428
1:21.408;3429
1:21.585;3430
1:21.984;3431
1:13.826;3446
1:14.120;3447
1:14.227;3448
1:14.283;3449
1:14.432;3450
1:14.544;3451
1:14.590;3452
1:14.637;3453
1:14.901;3454
1:15.170;3455
1:26.295;3470
1:26.433;3471
1:26.760;3472
1:26.781;3473
1:26.857;3474
1:26.952;3475
1:27.039;3476
1:27.082;3477
1:27.430;3478
1:28.122;3479
1:15.105;3494
1:15.373;3495
1:15.420;3496
1:15.435;3497
1:15.520;3498
1:15.648;3499
1:15.688;3500
1:15.715;3501
1:15.881;3502
1:16.071;3503
1:37.587;3518
1:37.662;3519
1:37.969;3520
1:38.075;3521
1:38.127;3522
1:38.137;3523
1:38.210;3524
1:38.428;3525
1:38.428;3526
1:38.523;3527
1:29.615;3542
1:29.758;3543
1:30.426;3544
1:30.556;3545
1:30.625;3546
1:31.040;3547
1:31.172;3548
1:31.175;3549
1:31.274;3550
1:31.430;3551
1:13.791;3566
1:13.793;3567
1:14.290;3568
1:14.347;3569
1:14.427;3570
1:14.566;3571
1:15.079;3572
1:15.109;3573
1:15.179;3574
1:15.339;3575
1:18.773;3590
1:19.184;3591
1:19.987;3592
1:20.331;3593
1:20.499;3594
1:21.082;3595
1:21.229;3596
1:21.328;3597
1:21.411;3598
1:21.710;3599
1:45.778;3614
1:45.863;3615
1:46.100;3616
1:46.127;3617
1:46.206;3618
1:46.314;3619
1:46.602;3620
1:46.659;3621
1:47.053;3622
1:47.441;3623
1:21.962;3638
1:22.084;3639
1:22.293;3640
1:22.433;3641
1:22.623;3642
1:22.675;3643
1:23.027;3644
1:23.037;3645
1:23.039;3646
1:23.328;3647
1:45.390;3662
1:45.457;3663
1:45.571;3664
1:45.944;3665
1:45.977;3666
1:46.236;3667
1:46.443;3668
1:46.593;3669
1:46.702;3670
1:47.884;3671
1:30.785;3686
1:30.853;3687
1:31.169;3688
1:31.231;3689
1:31.352;3690
1:31.378;3691
1:31.494;3692
1:31.535;3693
1:31.559;3694
1:31.846;3695
1:35.585;3710
1:35.659;3711
1:35.766;3712
1:36.062;3713
1:36.535;3714
1:36.571;3715
1:36.731;3716
1:36.824;3717
1:36.950;3718
1:36.998;3719
1:14.470;3734
1:15.519;3735
1:15.637;3736
1:15.747;3737
1:15.989;3738
1:16.203;3739
1:16.552;3740
1:16.925;3741
1:17.101;3742
1:17.656;3743
1:39.394;3758
1:39.425;3759
1:39.792;3760
1:39.823;3761
1:39.925;3762
1:40.202;3763
1:40.203;3764
1:40.516;3765
1:40.589;3766
1:40.901;3767
1:23.529;4537
1:24.307;4538
1:24.395;4539
1:24.779;4540
1:24.974;4541
1:25.247;4542
1:25.421;4543
1:25.599;4544
1:25.626;4545
1:27.066;4546
1:34.870;4562
1:34.974;4563
1:35.179;4564
1:35.200;4565
1:35.802;4566
1:36.124;4567
1:36.251;4568
1:36.324;4569
1:36.809;4570
1:36.820;4571
1:33.706;4586
1:34.421;4587
1:34.463;4588
1:34.670;4589
1:35.119;4590
1:35.145;4591
1:36.158;4592
1:36.190;4593
1:36.203;4594
1:25.049;4610
1:25.454;4611
1:25.574;4612
1:25.595;4613
1:25.851;4614
1:25.982;4615
1:26.296;4616
1:26.646;4617
1:26.659;4618
1:20.981;4633
1:21.181;4634
1:21.961;4635
1:21.964;4636
1:21.996;4637
1:22.471;4638
1:22.599;4639
1:22.888;4640
1:22.952;4641
1:13.556;4656
1:13.997;4657
1:14.019;4658
1:14.483;4659
1:14.682;4660
1:14.877;4661
1:15.280;4662
1:15.766;4663
1:16.528;4664
1:13.014;4680
1:13.199;4681
1:13.217;4682
1:13.429;4683
1:13.565;4684
1:13.814;4685
1:13.838;4686
1:13.864;4687
1:14.062;4688
1:14.085;4689
1:36.975;4704
1:37.163;4705
1:37.380;4706
1:37.454;4707
1:37.535;4708
1:37.645;4709
1:38.231;4710
1:38.240;4711
1:30.399;4728
1:30.431;4729
1:30.516;4730
1:31.124;4731
1:31.898;4732
1:31.929;4733
1:31.933;4734
1:32.128;4735
1:32.209;4736
1:32.376;4737
1:30.079;4752
1:30.134;4753
1:30.216;4754
1:30.442;4755
1:30.910;4756
1:31.263;4757
1:31.288;4758
1:32.010;4759
1:32.187;4760
1:32.482;4761
1:19.815;4776
1:19.978;4777
1:20.024;4778
1:20.350;4779
1:20.365;4780
1:20.474;4781
1:21.098;4782
1:21.445;4783
1:21.907;4784
1:48.298;4800
1:48.730;4801
1:49.376;4802
1:50.256;4803
1:50.552;4804
1:50.773;4805
1:51.121;4806
1:51.251;4807
1:51.374;4808
1:52.303;4809
1:44.381;4823
1:44.732;4824
1:44.804;4825
1:44.809;4826
1:44.874;4827
1:45.800;4828
1:46.013;4829
1:30.466;4847
1:30.475;4848
1:30.617;4849
1:30.804;4850
1:30.886;4851
1:31.156;4852
1:35.820;4871
1:36.042;4872
1:36.126;4873
1:36.468;4874
1:36.831;4875
1:36.980;4876
1:37.754;4877
1:38.124;4878
1:24.178;4895
1:24.474;4896
1:24.508;4897
1:24.519;4898
1:24.950;4899
1:25.122;4900
1:25.451;4901
1:38.481;4919
1:38.622;4920
1:38.631;4921
1:38.858;4922
1:39.058;4923
1:39.695;4924
1:39.773;4925
1:40.662;4926
1:40.768;4927
1:11.918;4942
1:12.099;4943
1:12.283;4944
1:12.480;4945
1:12.591;4946
1:13.050;4947
1:13.068;4948
1:13.298;4949
1:13.761;4950
1:24.922;4966
1:25.074;4967
1:25.302;4968
1:25.336;4969
1:25.651;4970
1:25.668;4971
1:25.686;4972
1:25.908;4973
1:26.451;4974
1:36.219;4990
1:36.368;4991
1:36.391;4992
1:36.461;4993
1:36.461;4994
1:36.634;4995
1:36.658;4996
1:36.664;4997
1:37.566;4998
1:37.698;4999
1:35.121;5014
1:35.626;5015
1:35.691;5016
1:35.784;5017
1:35.898;5018
1:36.191;5019
1:36.290;5020
1:36.524;5021
1:36.622;5022
1:32.422;5038
1:32.520;5039
1:32.637;5040
1:32.711;5041
1:32.821;5042
1:32.912;5043
1:33.008;5044
1:33.394;5045
1:21.707;5062
1:22.285;5063
1:22.302;5064
1:22.424;5065
1:22.487;5066
1:22.533;5067
1:23.005;5068
1:14.301;5086
1:14.381;5087
1:14.448;5088
1:14.583;5089
1:14.639;5090
1:14.948;5091
1:15.049;5092
1:15.199;5093
1:15.245;5094
1:13.784;5109
1:14.087;5110
1:14.151;5111
1:14.346;5112
1:14.411;5113
1:14.465;5114
1:14.645;5115
1:14.705;5116
1:14.812;5117
1:15.182;5118
1:38.086;5133
1:38.410;5134
1:38.475;5135
1:38.505;5136
1:38.513;5137
1:38.623;5138
1:38.741;5139
1:38.752;5140
1:38.801;5141
1:38.992;5142
1:51.746;5156
1:51.793;5157
1:52.020;5158
1:52.199;5159
1:53.065;5160
1:53.290;5161
1:53.539;5162
1:53.543;5163
1:54.382;5164
1:40.621;5180
1:41.026;5181
1:41.496;5182
1:42.459;5183
1:43.501;5184
1:43.950;5185
1:44.113;5186
1:44.186;5187
1:44.889;5188
1:45.811;5189
1:20.953;5204
1:21.366;5205
1:21.416;5206
1:21.583;5207
1:21.730;5208
1:21.844;5209
1:21.900;5210
1:21.939;5211
1:22.343;5212
1:22.847;5213
1:47.573;5228
1:47.871;5229
1:47.893;5230
1:48.205;5231
1:48.219;5232
1:48.313;5233
1:48.392;5234
1:48.394;5235
1:48.538;5236
1:48.890;5237
1:24.010;5252
1:24.133;5253
1:24.247;5254
1:24.304;5255
1:24.540;5256
1:24.802;5257
1:24.833;5258
1:24.855;5259
1:25.109;5260
1:25.678;5261
1:46.362;5275
1:46.804;5276
1:46.905;5277
1:46.939;5278
1:47.216;5279
1:47.241;5280
1:47.475;5281
1:47.788;5282
1:30.839;5299
1:31.090;5300
1:31.290;5301
1:31.700;5302
1:31.898;5303
1:32.022;5304
1:32.114;5305
1:32.208;5306
1:32.327;5307
1:37.242;5323
1:37.316;5324
1:37.469;5325
1:37.534;5326
1:37.625;5327
1:37.884;5328
1:37.934;5329
1:38.266;5330
1:38.361;5331
1:38.513;5332
1:25.283;5346
1:25.327;5347
1:25.544;5348
1:25.659;5349
1:25.773;5350
1:25.857;5351
1:26.236;5352
1:26.360;5353
1:26.713;5354
1:40.630;5370
1:40.978;5371
1:41.073;5372
1:41.226;5373
1:41.260;5374
1:41.290;5375
1:41.582;5376
1:41.603;5377
1:41.723;5378
1:41.778;5379
1:35.657;5394
1:35.766;5395
1:36.174;5396
1:36.587;5397
1:36.708;5398
1:36.794;5399
1:36.937;5400
1:37.141;5401
1:37.300;5402
1:37.842;5403
1:12.458;5418
1:12.513;5419
1:12.581;5420
1:12.760;5421
1:12.987;5422
1:13.174;5423
1:13.206;5424
1:13.253;5425
1:13.298;5426
1:13.489;5427
1:27.407;5442
1:27.827;5443
1:28.087;5444
1:28.490;5445
1:28.493;5446
1:28.523;5447
1:28.738;5448
1:29.013;5449
1:29.305;5450
1:30.357;5451
1:49.674;5464
1:50.587;5465
1:50.727;5466
1:51.699;5467
1:52.244;5468
1:52.519;5469
1:52.970;5470
1:53.175;5471
1:53.439;5472
1:54.136;5473
1:34.484;5486
1:34.761;5487
1:34.788;5488
1:34.861;5489
1:34.933;5490
1:35.364;5491
1:35.998;5492
2:05.673;5493
1:32.330;5508
1:32.584;5509
1:32.667;5510
1:32.762;5511
1:33.078;5512
1:33.207;5513
1:33.235;5514
1:33.246;5515
1:33.327;5516
1:20.718;5530
1:20.972;5531
1:21.054;5532
1:21.177;5533
1:21.218;5534
1:21.219;5535
1:21.308;5536
1:21.570;5537
1:22.069;5538
1:22.233;5539
1:13.876;5552
1:13.967;5553
1:13.980;5554
1:14.181;5555
1:14.822;5556
1:14.824;5557
1:15.138;5558
1:15.383;5559
1:15.647;5560
1:15.703;5561
1:25.425;5574
1:25.512;5575
1:25.897;5576
1:26.008;5577
1:26.208;5578
1:26.504;5579
1:26.543;5580
1:27.348;5581
1:27.432;5582
1:27.946;5583
1:29.607;5596
1:30.059;5597
1:30.211;5598
1:30.220;5599
1:30.736;5600
1:30.757;5601
1:30.908;5602
1:30.955;5603
1:30.962;5604
1:30.979;5605
1:29.398;5618
1:29.501;5619
1:29.608;5620
1:29.892;5621
1:29.959;5622
1:30.528;5623
1:31.126;5624
1:31.209;5625
1:19.388;5640
1:19.426;5641
1:19.595;5642
1:19.720;5643
1:19.791;5644
1:19.851;5645
1:19.929;5646
1:20.641;5647
1:22.398;5648
2:01.012;5662
2:01.200;5663
2:01.325;5664
2:02.251;5665
2:02.332;5666
2:03.075;5667
2:03.081;5668
2:03.390;5669
2:03.482;5670
2:04.059;5671
1:23.755;5684
1:23.968;5685
1:24.065;5686
1:24.132;5687
1:24.142;5688
1:24.192;5689
1:24.209;5690
1:24.502;5691
1:24.515;5692
1:28.050;5693
1:42.841;5706
1:42.932;5707
1:43.058;5708
1:43.152;5709
1:43.254;5710
1:43.890;5711
1:43.938;5712
1:44.282;5713
1:44.439;5714
1:37.202;5728
1:37.420;5729
1:37.464;5730
1:37.531;5731
1:37.679;5732
1:38.038;5733
1:38.223;5734
1:38.237;5735
1:38.405;5736
1:38.822;5737
1:30.915;5750
1:31.089;5751
1:31.253;5752
1:31.365;5753
1:31.378;5754
1:31.397;5755
1:31.644;5756
1:31.665;5757
1:31.684;5758
1:31.827;5759
1:24.119;5772
1:24.871;5773
1:24.941;5774
1:25.047;5775
1:25.201;5776
1:25.248;5777
1:25.334;5778
1:25.826;5779
1:26.153;5780
1:26.487;5781
1:39.957;5794
1:40.075;5795
1:40.419;5796
1:40.501;5797
1:40.542;5798
1:40.576;5799
1:40.997;5800
1:41.015;5801
1:41.068;5802
1:41.111;5803
1:36.338;5816
1:36.441;5817
1:37.155;5818
1:37.296;5819
1:37.345;5820
1:37.376;5821
1:37.452;5822
1:37.715;5823
1:37.836;5824
1:38.034;5825
1:26.479;5838
1:27.102;5839
1:27.539;5840
1:27.572;5841
1:27.677;5842
1:27.737;5843
1:28.052;5844
1:28.081;5845
1:28.109;5846
1:29.582;5847
1:44.231;5860
1:44.548;5861
1:44.595;5862
1:45.745;5863
1:45.819;5864
1:45.864;5865
1:46.030;5866
1:47.368;5867
1:48.079;5868
1:48.147;5869
1:59.431;5882
1:59.486;5883
2:00.050;5884
2:00.175;5885
2:00.541;5886
2:01.218;5887
2:01.712;5888
2:02.213;5889
2:03.078;5890
2:04.053;5891
1:33.185;5904
1:33.464;5905
1:34.051;5906
1:34.247;5907
1:34.346;5908
1:34.368;5909
1:34.387;5910
1:34.511;5911
1:34.712;5912
1:34.992;5913
1:22.275;5926
1:22.725;5927
1:22.777;5928
1:22.841;5929
1:22.972;5930
1:23.188;5931
1:23.530;5932
1:23.777;5933
1:24.477;5934
1:53.860;5950
1:54.455;5951
1:54.960;5952
1:55.143;5953
1:55.637;5954
1:56.147;5955
1:56.282;5956
1:56.366;5957
1:56.773;5958
1:57.079;5959
1:25.232;5972
1:25.400;5973
1:26.285;5974
1:26.632;5975
1:26.960;5976
1:27.104;5977
1:27.140;5978
1:27.335;5979
1:27.402;5980
1:15.989;5994
1:16.048;5995
1:16.384;5996
1:16.547;5997
1:16.686;5998
1:17.389;5999
1:17.540;6000
1:17.555;6001
1:18.090;6002
1:18.327;6003
1:14.874;6016
1:14.953;6017
1:15.548;6018
1:15.550;6019
1:15.578;6020
1:15.589;6021
1:15.814;6022
1:16.162;6023
1:16.182;6024
1:16.214;6025
1:08.759;6038
1:08.846;6039
1:08.944;6040
1:09.285;6041
1:09.466;6042
1:09.515;6043
1:09.619;6044
1:10.795;6045
1:35.766;6060
1:37.386;6061
1:38.200;6062
1:38.329;6063
1:38.417;6064
1:39.232;6065
1:40.457;6066
1:40.606;6067
1:40.707;6068
1:40.855;6069
1:16.540;6082
1:16.759;6083
1:17.078;6084
1:17.214;6085
1:17.273;6086
1:17.577;6087
1:17.649;6088
1:17.965;6089
1:18.014;6090
1:18.035;6091
1:22.715;6104
1:23.201;6105
1:23.354;6106
1:23.391;6107
1:23.909;6108
1:24.223;6109
1:24.294;6110
1:24.720;6111
1:24.775;6112
2:05.591;6126
2:05.819;6127
2:07.717;6128
2:07.786;6129
2:07.911;6130
2:08.049;6131
2:08.679;6132
2:08.780;6133
2:09.178;6134
2:09.776;6135
1:24.109;6148
1:24.383;6149
1:24.697;6150
1:24.865;6151
1:25.314;6152
1:25.379;6153
1:25.430;6154
1:25.436;6155
1:25.709;6156
1:25.944;6157
1:45.681;6170
1:45.688;6171
1:45.854;6172
1:45.902;6173
1:45.907;6174
1:46.000;6175
1:46.170;6176
1:46.187;6177
1:46.250;6178
1:47.362;6179
1:32.506;6192
1:32.703;6193
1:33.128;6194
1:33.527;6195
1:33.740;6196
1:34.075;6197
1:34.242;6198
1:34.317;6199
1:34.432;6200
1:34.548;6201
1:38.513;6214
1:38.713;6215
1:38.920;6216
1:39.121;6217
1:39.277;6218
1:39.629;6219
1:39.635;6220
1:39.709;6221
1:39.771;6222
1:40.020;6223
1:36.067;6235
1:36.443;6236
1:36.906;6237
1:37.205;6238
1:37.244;6239
1:37.610;6240
1:37.655;6241
1:37.706;6242
1:37.804;6243
1:38.810;6244
1:10.023;6253
1:10.056;6254
1:10.247;6255
1:10.305;6256
1:10.930;6257
1:10.938;6258
1:10.969;6259
1:10.977;6260
1:11.075;6261
1:11.099;6262
1:42.866;6298
1:42.236;6297
1:41.964;6296
1:41.908;6295
1:41.119;6294
1:41.025;6293
1:40.866;6292
1:40.480;6291
1:26.327;6309
1:26.921;6310
1:27.718;6311
1:27.757;6312
1:27.790;6313
1:28.087;6314
1:28.329;6315
1:28.510;6316
1:28.560;6317
1:29.480;6318
1:49.834;6327
1:49.908;6328
1:50.299;6329
1:51.541;6330
1:51.951;6331
1:51.981;6332
1:52.473;6333
1:52.981;6334
1:53.179;6335
1:53.261;6336
1:35.782;6346
1:35.828;6347
1:36.687;6348
1:36.954;6349
1:37.143;6350
1:37.232;6351
1:37.540;6352
1:37.905;6353
1:38.067;6354
1:38.158;6355
1:32.571;6366
1:32.982;6367
1:33.129;6368
1:33.227;6369
1:33.381;6370
1:33.744;6371
1:33.832;6372
1:34.450;6373
1:34.462;6374
1:34.484;6375
1:24.681;6385
1:24.948;6386
1:25.458;6387
1:25.694;6388
1:26.136;6389
1:26.249;6390
1:26.414;6391
1:26.629;6392
1:26.757;6393
1:26.770;6394
1:15.098;6405
1:15.440;6406
1:15.849;6407
1:16.041;6408
1:16.182;6409
1:16.427;6410
1:16.808;6411
1:16.931;6412
1:16.946;6413
1:16.957;6414
1:14.393;6425
1:14.702;6426
1:15.014;6427
1:15.102;6428
1:15.194;6429
1:15.329;6430
1:15.614;6431
1:16.079;6432
1:16.114;6433
1:16.338;6434
1:08.455;6444
1:08.655;6445
1:08.810;6446
1:09.192;6447
1:09.278;6448
1:09.319;6449
1:09.612;6450
1:09.694;6451
1:09.713;6452
1:32.248;6464
1:32.361;6465
1:33.085;6466
1:33.149;6467
1:33.379;6468
1:33.547;6469
1:33.636;6470
1:33.649;6471
1:33.673;6472
1:33.943;6473
1:22.020;6484
1:22.595;6485
1:22.739;6486
1:22.774;6487
1:23.020;6488
1:23.222;6489
1:23.332;6490
1:23.537;6491
1:23.679;6492
1:24.181;6493
1:47.197;6504
1:47.655;6505
1:48.537;6506
1:48.561;6507
1:48.599;6508
1:48.639;6509
1:48.685;6510
1:48.754;6511
1:48.825;6512
1:49.771;6513
1:23.397;6524
1:23.631;6525
1:23.685;6526
1:23.703;6527
1:23.940;6528
1:24.127;6529
1:24.626;6530
1:25.054;6531
1:25.317;6532
1:26.214;6533
1:43.885;6544
1:44.428;6545
1:44.667;6546
1:44.745;6547
1:45.300;6548
1:45.415;6549
1:45.676;6550
1:45.798;6551
1:46.077;6552
1:46.413;6553
1:32.584;6564
1:32.660;6565
1:33.024;6566
1:33.245;6567
1:33.337;6568
1:33.347;6569
1:33.497;6570
1:33.967;6571
1:37.113;6584
1:37.433;6585
1:37.912;6586
1:37.965;6587
1:38.348;6588
1:38.659;6589
1:38.691;6590
1:38.787;6591
1:38.924;6592
1:39.728;6593
1:19.480;6623
1:19.668;6624
1:19.850;6625
1:20.398;6626
1:20.399;6627
1:20.448;6628
1:20.567;6629
1:20.710;6630
1:20.716;6631
1:20.788;6632
1:11.282;6643
1:11.360;6644
1:11.804;6645
1:12.085;6646
1:12.144;6647
1:12.265;6648
1:12.322;6649
1:12.415;6650
1:12.417;6651
1:12.739;6652
1:40.237;6663
1:40.614;6664
1:41.051;6665
1:41.184;6666
1:41.444;6667
1:41.656;6668
1:41.686;6669
1:41.759;6670
1:41.933;6671
1:42.708;6672
1:23.837;6683
1:24.197;6684
1:24.675;6685
1:25.033;6686
1:25.434;6687
1:25.458;6688
1:25.582;6689
1:25.589;6690
1:29.493;6705
1:29.570;6706
1:30.012;6707
1:30.244;6708
1:30.854;6709
1:31.153;6710
1:31.155;6711
1:31.620;6712
1:35.402;6727
1:35.917;6728
1:35.972;6729
1:36.246;6730
1:36.296;6731
1:36.399;6732
1:36.865;6733
1:36.881;6734
1:37.194;6735
1:35.417;6749
1:36.123;6750
1:36.536;6751
1:36.663;6752
1:37.016;6753
1:37.125;6754
1:37.212;6755
1:37.459;6756
1:37.583;6757
1:22.000;6771
1:22.280;6772
1:22.680;6773
1:23.087;6774
1:23.113;6775
1:23.334;6776
1:23.522;6777
1:23.643;6778
1:23.782;6779
1:23.981;6780
1:13.622;6793
1:13.791;6794
1:13.942;6795
1:14.552;6796
1:14.726;6797
1:14.732;6798
1:14.749;6799
1:14.902;6800
1:15.273;6801
1:15.363;6802
1:12.812;6815
1:12.874;6816
1:12.990;6817
1:13.166;6818
1:13.414;6819
1:13.579;6820
1:13.670;6821
1:13.769;6822
1:13.952;6823
1:14.338;6824
1:42.758;6836
1:43.515;6837
1:43.966;6838
1:43.966;6839
1:44.269;6840
1:44.483;6841
1:44.717;6842
1:45.246;6843
1:45.570;6844
2:01.954;6845
1:07.922;6858
1:08.465;6859
1:09.285;6860
1:09.781;6861
1:09.900;6862
1:09.901;6863
1:09.980;6864
1:10.440;6865
1:11.153;6866
1:11.977;6867
1:29.287;6880
1:29.606;6881
1:30.313;6882
1:30.618;6883
1:30.881;6884
1:31.490;6885
1:31.557;6886
1:31.989;6887
1:32.172;6888
1:32.343;6889
1:19.965;6901
1:20.108;6902
1:20.280;6903
1:20.557;6904
1:20.874;6905
1:21.131;6906
1:21.211;6907
1:21.597;6908
1:21.823;6909
1:22.182;6910
1:14.363;6923
1:14.470;6924
1:14.726;6925
1:14.834;6926
1:15.142;6927
1:15.315;6928
1:15.510;6929
1:15.530;6930
1:15.537;6931
1:15.615;6932
1:46.744;6945
1:46.893;6946
1:46.910;6947
1:47.108;6948
1:47.216;6949
1:47.407;6950
1:47.543;6951
1:47.612;6952
1:48.114;6953
1:48.263;6954
1:21.135;6966
1:21.613;6967
1:21.972;6968
1:22.065;6969
1:22.388;6970
1:22.389;6971
1:22.411;6972
1:22.814;6973
1:22.836;6974
1:23.184;6975
1:42.584;6987
1:43.115;6988
1:43.288;6989
1:43.328;6990
1:43.540;6991
1:44.197;6992
1:44.469;6993
1:44.479;6994
1:44.553;6995
1:44.582;6996
1:32.850;7009
1:33.264;7010
1:33.420;7011
1:33.467;7012
1:33.584;7013
1:33.632;7014
1:34.319;7015
1:34.489;7016
1:34.518;7017
1:34.671;7018
1:30.647;7031
1:30.660;7032
1:30.949;7033
1:31.028;7034
1:31.178;7035
1:31.240;7036
1:31.961;7037
1:31.961;7038
1:32.142;7039
1:32.547;7040
1:34.999;7053
1:35.215;7054
1:35.509;7055
1:35.747;7056
1:36.131;7057
1:36.358;7058
1:36.628;7059
1:37.116;7060
1:37.269;7061
1:37.326;7062
1:18.704;7075
1:18.958;7076
1:19.054;7077
1:19.133;7078
1:19.330;7079
1:19.376;7080
1:19.381;7081
1:19.551;7082
1:20.032;7083
1:20.378;7084
1:10.736;7096
1:10.838;7097
1:11.404;7098
1:11.485;7099
1:11.495;7100
1:11.540;7101
1:11.937;7102
1:12.104;7103
1:12.165;7104
1:12.266;7105
1:38.755;7118
1:39.058;7119
1:39.589;7120
1:39.604;7121
1:39.661;7122
1:39.818;7123
1:40.501;7124
1:40.519;7125
1:41.106;7126
1:41.213;7127
1:22.188;7140
1:22.456;7141
1:22.481;7142
1:23.033;7143
1:23.485;7144
1:24.074;7145
1:24.443;7146
1:24.487;7147
1:24.512;7148
1:31.678;7160
1:31.864;7161
1:31.865;7162
1:32.140;7163
1:33.033;7164
1:33.507;7165
1:33.580;7166
1:33.706;7167
1:33.719;7168
1:34.220;7169
1:28.769;7180
1:28.792;7181
1:29.247;7182
1:29.545;7183
1:29.567;7184
1:29.687;7185
1:29.842;7186
1:30.074;7187
1:30.763;7188
1:31.074;7189
1:33.194;7200
1:33.253;7201
1:33.289;7202
1:33.767;7203
1:34.905;7204
1:35.110;7205
1:35.161;7206
1:35.285;7207
1:35.337;7208
1:35.430;7209
1:19.149;7220
1:19.200;7221
1:19.373;7222
1:19.439;7223
1:19.706;7224
1:20.175;7225
1:21.048;7226
1:21.070;7227
1:21.232;7228
1:21.272;7229
1:12.178;7240
1:12.221;7241
1:12.223;7242
1:12.496;7243
1:12.998;7244
1:13.162;7245
1:13.329;7246
1:13.349;7247
1:13.613;7248
1:11.459;7260
1:11.789;7261
1:12.177;7262
1:12.252;7263
1:12.403;7264
1:12.557;7265
1:12.858;7266
1:13.018;7267
1:13.135;7268
1:13.271;7269
1:40.593;7280
1:41.027;7281
1:41.693;7282
1:41.841;7283
1:41.879;7284
1:42.111;7285
1:42.186;7286
1:42.753;7287
1:42.798;7288
1:43.414;7289
1:04.251;7300
1:04.293;7301
1:04.424;7302
1:04.779;7303
1:04.896;7304
1:04.983;7305
1:05.480;7306
1:05.605;7307
1:05.674;7308
1:05.726;7309
1:26.600;7320
1:27.147;7321
1:27.356;7322
1:27.376;7323
1:28.130;7324
1:28.856;7325
1:28.902;7326
1:29.074;7327
1:29.418;7328
1:29.549;7329
1:16.276;7340
1:16.444;7341
1:16.530;7342
1:16.707;7343
1:16.797;7344
1:16.818;7345
1:17.468;7346
1:17.549;7347
1:17.894;7348
1:18.912;7349
1:42.553;7360
1:42.795;7361
1:43.094;7362
1:43.270;7363
1:43.380;7364
1:43.863;7365
1:44.982;7366
1:45.244;7367
1:45.369;7368
1:35.554;7380
1:36.702;7381
1:36.841;7382
1:37.032;7383
1:37.719;7384
1:37.833;7385
1:37.987;7386
1:38.064;7387
1:38.251;7388
1:39.157;7389
1:39.491;7400
1:39.814;7401
1:39.840;7402
1:40.069;7403
1:40.126;7404
1:40.810;7405
1:41.013;7406
1:41.179;7407
1:41.398;7408
1:42.056;7409
1:30.076;7420
1:30.121;7421
1:30.541;7422
1:30.595;7423
1:31.478;7425
1:31.582;7426
1:31.607;7427
1:31.658;7428
1:31.704;7429
1:30.758;7439
1:27.319;7440
1:27.651;7441
1:27.791;7442
1:28.306;7443
1:28.332;7444
1:28.498;7445
1:29.111;7446
1:29.260;7447
1:29.480;7448
1:30.687;7449
1:33.108;7460
1:33.347;7461
1:33.568;7462
1:33.577;7463
1:33.577;7464
1:33.658;7465
1:34.647;7466
1:34.852;7467
1:35.007;7468
1:35.148;7469
1:16.488;7480
1:16.574;7481
1:16.934;7482
1:16.958;7483
1:17.238;7484
1:17.437;7485
1:17.447;7486
1:17.466;7487
1:17.794;7488
1:17.807;7489
1:08.322;7499
1:08.360;7500
1:08.538;7501
1:08.925;7502
1:09.330;7503
1:09.598;7504
1:09.617;7505
1:09.703;7506
1:09.805;7507
1:09.841;7508
1:36.231;7520
1:36.403;7521
1:36.777;7522
1:36.959;7523
1:36.985;7524
1:37.328;7525
1:38.282;7526
1:38.374;7527
1:38.397;7528
1:38.550;7529
1:21.164;7540
1:21.828;7541
1:21.838;7542
1:21.879;7543
1:22.152;7544
1:23.187;7545
1:23.339;7546
1:23.532;7547
1:23.577;7548
1:27.958;7560
1:28.101;7561
1:28.124;7562
1:28.220;7563
1:28.398;7564
1:29.329;7565
1:29.358;7566
1:29.570;7567
1:29.874;7568
1:29.986;7569
1:31.095;7580
1:31.182;7581
1:31.625;7582
1:31.675;7583
1:31.796;7584
1:31.948;7585
1:32.532;7586
1:32.758;7587
1:32.819;7588
1:32.855;7589
1:41.498;7600
1:41.677;7601
1:41.837;7602
1:41.911;7603
1:41.994;7604
1:42.490;7605
1:42.523;7606
1:42.547;7607
1:43.066;7608
1:43.351;7609
1:16.173;7620
1:16.213;7621
1:16.305;7622
1:16.612;7623
1:16.816;7624
1:16.818;7625
1:17.676;7626
1:17.721;7627
1:17.790;7628
1:17.835;7629
1:10.810;7640
1:11.039;7641
1:11.232;7642
1:11.266;7643
1:12.110;7644
1:12.130;7645
1:12.154;7646
1:12.221;7647
1:11.441;7657
1:12.061;7658
1:10.764;7660
1:10.857;7661
1:10.937;7662
1:10.996;7663
1:11.095;7664
1:11.116;7665
1:11.973;7666
1:12.084;7667
1:12.168;7668
1:12.671;7669
1:30.029;7680
1:30.147;7681
1:30.400;7682
1:30.705;7683
1:30.895;7684
1:31.057;7685
1:32.126;7686
1:32.635;7687
1:32.930;7688
1:03.130;7700
1:03.149;7701
1:03.464;7702
1:03.660;7703
1:03.840;7704
1:03.892;7705
1:03.996;7706
1:04.051;7707
1:04.725;7708
1:05.019;7709
1:25.892;7720
1:25.936;7721
1:25.990;7722
1:26.217;7723
1:26.602;7724
1:27.099;7725
1:27.244;7726
1:27.455;7727
1:27.879;7728
1:28.194;7729
1:11.212;7740
1:11.416;7741
1:11.547;7742
1:11.822;7743
1:12.200;7744
1:12.544;7745
1:12.560;7746
1:12.692;7747
1:12.717;7748
1:12.774;7749
1:36.186;7760
1:36.210;7761
1:36.743;7762
1:37.591;7763
1:38.032;7764
1:38.128;7765
1:39.858;7766
1:40.593;7767
1:35.658;7778
1:35.918;7779
1:58.179;7780
1:58.905;7781
2:01.851;7782
2:01.894;7783
2:02.122;7784
2:02.671;7785
2:02.769;7786
2:02.939;7787
2:04.933;7788
1:19.119;7800
1:19.280;7801
1:19.294;7802
1:19.656;7803
1:20.615;7804
1:20.936;7805
1:21.041;7806
1:21.099;7807
1:21.350;7808
1:21.627;7809
1:36.015;7820
1:36.334;7821
1:36.628;7822
1:36.702;7823
1:36.794;7824
1:36.996;7825
1:37.985;7826
1:38.320;7827
1:38.365;7828
1:38.588;7829
1:31.387;7840
1:31.532;7841
1:31.943;7842
1:32.237;7843
1:33.181;7844
1:33.413;7845
1:33.419;7846
1:33.563;7847
1:33.704;7848
1:35.196;7849
1:27.760;7860
1:28.059;7861
1:29.057;7862
1:29.521;7863
1:29.761;7864
1:30.023;7865
1:30.093;7866
1:30.126;7867
1:32.192;7868
1:37.229;7869
1:32.237;7880
1:32.298;7881
1:32.307;7882
1:32.616;7883
1:33.494;7884
1:34.145;7885
1:34.215;7886
1:34.250;7887
1:34.420;7888
1:34.594;7889
1:14.759;7900
1:14.785;7901
1:14.894;7902
1:14.970;7903
1:15.160;7904
1:15.330;7905
1:15.827;7906
1:16.084;7907
1:16.189;7908
1:16.513;7909
1:07.281;7920
1:07.374;7921
1:07.441;7922
1:07.456;7923
1:07.778;7924
1:07.780;7925
1:08.296;7926
1:08.492;7927
1:08.517;7928
1:09.029;7929
1:34.794;7940
1:34.956;7941
1:35.125;7942
1:35.365;7943
1:35.401;7944
1:35.589;7945
1:36.192;7946
1:36.237;7947
1:36.540;7948
1:36.542;7949
1:20.486;7960
1:20.598;7961
1:21.190;7962
1:21.320;7963
1:21.442;7964
1:21.826;7965
1:22.099;7966
1:22.304;7967
1:22.314;7968
1:22.781;7969
1:27.866;7980
1:28.160;7981
1:28.190;7982
1:28.256;7983
1:28.752;7984
1:28.757;7985
1:28.813;7986
1:29.015;7987
1:29.022;7988
1:29.043;7989
1:31.547;8000
1:31.570;8001
1:31.848;8002
1:31.865;8003
1:32.089;8004
1:32.930;8005
1:32.958;8006
1:32.962;8007
1:40.495;8018
1:40.554;8019
1:40.797;8020
1:41.069;8021
1:41.593;8022
1:41.681;8023
1:41.886;8024
1:42.424;8025
1:15.406;8038
1:16.040;8039
1:16.272;8040
1:16.357;8041
1:16.588;8042
1:16.708;8043
1:16.911;8044
1:16.922;8045
1:17.573;8046
1:18.106;8047
1:10.166;8058
1:10.252;8059
1:10.641;8060
1:10.947;8061
1:11.041;8062
1:11.109;8063
1:11.218;8064
1:11.271;8065
1:11.417;8066
1:11.653;8067
1:10.240;8078
1:10.446;8079
1:10.920;8080
1:11.071;8081
1:11.079;8082
1:11.101;8083
1:11.324;8084
1:11.863;8085
1:13.981;8086
1:28.319;8098
1:28.605;8099
1:28.965;8100
1:29.409;8101
1:29.418;8102
1:29.522;8103
1:29.799;8104
1:29.918;8105
1:30.184;8106
1:33.420;8107
1:03.003;8118
1:03.262;8119
1:03.439;8120
1:03.537;8121
1:04.072;8122
1:04.099;8123
1:04.166;8124
1:04.179;8125
1:04.199;8126
1:25.093;8138
1:25.099;8139
1:25.172;8140
1:25.276;8141
1:25.590;8142
1:25.787;8143
1:26.182;8144
1:26.224;8145
1:26.345;8146
1:26.386;8147
1:11.767;8158
1:12.113;8159
1:12.129;8160
1:12.522;8161
1:12.538;8162
1:12.851;8163
1:12.897;8164
1:13.065;8165
1:13.126;8166
1:14.572;8178
1:14.590;8179
1:14.769;8180
1:15.043;8181
1:15.071;8182
1:15.450;8183
1:15.800;8184
1:15.852;8185
1:16.013;8186
1:16.041;8187
1:42.519;8198
1:43.267;8199
1:43.282;8200
1:43.415;8201
1:43.690;8202
1:44.257;8203
1:44.542;8204
1:44.557;8205
1:44.706;8206
1:45.086;8207
1:19.307;8218
1:19.346;8219
1:19.354;8220
1:19.457;8221
1:19.839;8222
1:20.049;8223
1:20.455;8224
1:36.217;8238
1:36.408;8239
1:36.437;8240
1:36.813;8241
1:37.146;8242
1:37.411;8243
1:37.818;8244
1:38.264;8245
1:38.329;8246
1:31.628;8258
1:32.030;8259
1:32.053;8260
1:32.310;8261
1:32.632;8262
1:33.222;8263
1:33.289;8264
1:33.301;8265
1:33.517;8266
1:33.661;8267
1:27.064;8278
1:27.253;8279
1:27.293;8280
1:27.302;8281
1:27.851;8282
1:27.851;8283
1:28.304;8284
1:28.464;8285
1:28.836;8286
1:29.341;8287
1:14.758;8298
1:15.024;8299
1:15.170;8300
1:15.262;8301
1:15.336;8302
1:15.338;8303
1:16.014;8304
1:16.322;8305
1:16.469;8306
1:16.586;8307
1:32.029;8318
1:32.041;8319
1:32.096;8320
1:32.137;8321
1:32.321;8322
1:32.548;8323
1:32.847;8324
1:33.175;8325
1:33.488;8326
1:33.601;8327
1:07.508;8338
1:07.631;8339
1:07.699;8340
1:07.728;8341
1:07.874;8342
1:07.935;8343
1:08.837;8344
1:08.854;8345
1:08.984;8346
1:09.037;8347
1:34.779;8358
1:34.973;8359
1:35.139;8360
1:35.219;8361
1:35.339;8362
1:35.682;8363
1:36.436;8364
1:36.456;8365
1:36.459;8366
1:36.710;8367
1:02.939;8378
1:02.951;8379
1:03.477;8380
1:03.626;8381
1:03.868;8382
1:03.868;8383
1:03.923;8384
1:03.971;8385
1:04.029;8386
1:04.239;8387
1:19.273;8398
1:20.489;8399
1:20.671;8400
1:20.701;8401
1:20.922;8402
1:20.925;8403
1:21.011;8404
1:21.028;8405
1:21.192;8406
1:21.651;8407
1:13.554;8418
1:14.377;8419
1:14.545;8420
1:14.774;8421
1:14.817;8422
1:14.849;8423
1:14.966;8424
1:15.027;8425
1:13.447;8437
1:24.303;8438
1:24.616;8439
1:25.325;8440
1:25.427;8441
1:25.782;8442
1:25.839;8443
1:25.965;8444
1:26.009;8445
1:26.209;8446
1:26.339;8447
1:25.154;8458
1:25.217;8459
1:26.082;8460
1:26.176;8461
1:26.297;8462
1:26.428;8463
1:26.534;8464
1:26.614;8465
1:26.669;8466
1:26.778;8467
1:15.584;8478
1:15.643;8479
1:16.292;8480
1:16.482;8481
1:16.589;8482
1:17.029;8483
1:17.044;8484
1:17.084;8485
1:17.087;8486
1:17.136;8487
1:41.252;8498
1:41.763;8499
1:41.778;8500
1:42.061;8501
1:42.264;8502
1:42.396;8503
1:42.438;8504
1:42.532;8505
1:42.603;8506
1:42.657;8507
1:18.887;8518
1:18.956;8519
1:19.695;8520
1:19.720;8521
1:19.795;8522
1:19.820;8523
1:19.864;8524
1:20.049;8525
1:20.090;8526
1:20.177;8527
1:15.144;8538
1:15.203;8539
1:15.509;8540
1:15.954;8541
1:16.270;8542
1:16.311;8543
1:16.356;8544
1:16.543;8545
1:17.870;8546
1:31.304;8558
1:31.867;8559
1:31.956;8560
1:32.317;8561
1:32.364;8562
1:32.550;8563
1:32.624;8564
1:32.847;8565
1:33.000;8566
1:33.008;8567
1:25.269;8578
1:25.525;8579
1:25.562;8580
1:26.035;8581
1:26.047;8582
1:26.223;8583
1:26.242;8584
1:26.458;8585
1:26.704;8586
1:26.709;8587
1:17.803;8623
1:17.525;8622
1:17.520;8621
1:17.437;8620
1:17.223;8619
1:17.090;8618
1:16.904;8617
1:16.754;8616
1:16.652;8615
1:13.609;8635
1:13.706;8636
1:14.176;8637
1:14.502;8638
1:14.520;8639
1:14.572;8640
1:14.616;8641
1:14.696;8642
1:14.814;8643
1:14.911;8644
1:47.765;8655
1:48.055;8656
1:49.321;8657
1:50.448;8658
1:51.595;8659
1:52.560;8660
1:52.622;8661
1:52.745;8662
1:53.258;8663
1:57.226;8664
1:27.264;8675
1:27.553;8676
1:27.678;8677
1:28.274;8678
1:28.322;8679
1:28.417;8680
1:28.419;8681
1:28.448;8682
1:28.542;8683
1:28.618;8684
0:53.377;8695
0:53.403;8696
0:53.433;8697
0:53.613;8698
0:53.790;8699
0:53.906;8700
0:53.957;8701
0:54.010;8702
0:54.154;8703
0:54.200;8704
1:35.246;8715
1:35.271;8716
1:35.332;8717
1:35.497;8718
1:35.571;8719
1:35.815;8720
1:35.963;8721
1:36.046;8722
1:36.065;8723
1:36.242;8724
1:28.997;8735
1:29.385;8736
1:29.586;8737
1:29.678;8738
1:29.809;8739
1:29.927;8740
1:29.974;8741
1:30.215;8742
1:30.249;8743
1:30.601;8744
1:14.411;8755
1:14.446;8756
1:14.498;8757
1:14.740;8758
1:14.790;8759
1:14.826;8760
1:14.875;8761
1:14.898;8762
1:15.210;8763
1:18.348;8775
1:18.355;8776
1:18.746;8777
1:18.890;8778
1:19.039;8779
1:19.042;8780
1:19.116;8781
1:19.306;8782
1:19.475;8783
1:19.659;8784
1:16.741;8795
1:16.777;8796
1:16.873;8797
1:17.510;8798
1:17.580;8799
1:17.620;8800
1:17.622;8801
1:17.701;8802
1:18.010;8803
1:18.147;8804
1:10.346;8815
1:10.576;8816
1:10.601;8817
1:10.611;8818
1:10.620;8819
1:10.900;8820
1:11.095;8821
1:11.419;8822
1:11.573;8823
1:11.779;8824
1:41.218;8834
1:41.450;8835
1:41.563;8836
1:41.565;8837
1:41.576;8838
1:41.747;8839
1:41.917;8840
1:42.211;8841
1:42.327;8842
1:42.659;8843
1:29.990;8854
1:30.248;8855
1:30.376;8856
1:30.445;8857
1:30.840;8858
1:30.868;8859
1:30.987;8860
1:31.252;8861
1:31.340;8862
1:31.382;8863
1:03.841;8874
1:04.035;8875
1:04.067;8876
1:04.120;8877
1:04.168;8878
1:04.236;8879
1:04.472;8880
1:04.514;8881
1:04.574;8882
1:04.708;8883
1:03.720;8894
1:03.768;8895
1:03.990;8896
1:04.014;8897
1:04.049;8898
1:04.107;8899
1:04.273;8900
1:04.570;8901
1:04.591;8902
1:04.618;8903
1:26.134;8914
1:26.209;8915
1:26.328;8916
1:26.828;8917
1:26.844;8918
1:26.897;8919
1:26.899;8920
1:26.971;8921
1:27.007;8922
1:27.179;8923
1:15.419;8934
1:15.734;8935
1:15.840;8936
1:16.421;8937
1:16.483;8938
1:16.489;8939
1:16.496;8940
1:16.653;8941
1:16.715;8942
1:16.750;8943
1:59.765;8954
2:00.086;8955
2:00.099;8956
2:00.864;8957
2:00.935;8958
2:01.164;8959
2:02.112;8960
2:02.502;8961
2:03.513;8962
1:08.885;8974
1:08.923;8975
1:09.222;8976
1:09.478;8977
1:09.527;8978
1:09.537;8979
1:09.590;8980
1:09.933;8981
1:09.956;8982
1:10.166;8983
1:19.555;8994
1:19.651;8995
1:19.966;8996
1:19.989;8997
1:19.995;8998
1:20.260;8999
1:20.462;9000
1:20.510;9001
1:20.611;9002
1:20.808;9003
1:41.993;9014
1:42.510;9015
1:42.983;9016
1:44.050;9017
1:44.156;9018
1:44.204;9019
1:44.710;9020
1:44.956;9021
1:45.337;9022
1:45.865;9023
1:22.868;9036
1:22.998;9037
1:23.196;9038
1:23.265;9039
1:23.326;9040
1:23.477;9041
1:23.706;9042
1:23.954;9043
1:24.305;9044
1:24.368;9045
1:32.910;9056
1:33.119;9057
1:33.134;9058
1:33.475;9059
1:33.606;9060
1:33.792;9061
1:33.808;9062
1:33.887;9063
1:34.118;9064
1:34.918;9065
1:15.875;9076
1:16.020;9077
1:16.225;9078
1:16.342;9079
1:16.456;9080
1:16.761;9081
1:16.763;9082
1:16.837;9083
1:17.158;9084
1:36.830;9085
1:07.934;9096
1:08.372;9097
1:08.469;9098
1:08.483;9099
1:08.777;9100
1:08.826;9101
1:08.960;9102
1:08.980;9103
1:09.039;9104
1:09.113;9105
1:20.827;9116
1:21.282;9117
1:21.478;9118
1:21.640;9119
1:21.670;9120
1:21.731;9121
1:21.840;9122
1:21.881;9123
1:22.028;9124
1:22.785;9125
1:27.511;9136
1:27.622;9137
1:27.653;9138
1:28.054;9139
1:28.123;9140
1:28.125;9141
1:28.180;9142
1:28.442;9143
1:28.647;9144
1:28.754;9145
1:22.109;9156
1:22.480;9157
1:22.931;9158
1:22.947;9159
1:22.992;9160
1:23.036;9161
1:23.122;9162
1:23.220;9163
1:23.389;9164
1:23.409;9165
1:30.558;9176
1:30.681;9177
1:30.687;9178
1:30.921;9179
1:31.238;9180
1:31.560;9181
1:31.808;9182
1:32.195;9183
1:32.216;9184
1:32.338;9185
1:29.588;9222
1:29.254;9221
1:29.183;9220
1:29.147;9219
1:29.104;9218
1:29.068;9217
1:28.461;9216
1:28.402;9215
1:28.225;9214
1:28.200;9213
1:17.868;9233
1:18.154;9234
1:18.240;9235
1:18.703;9236
1:18.825;9237
1:18.933;9238
1:19.032;9239
1:19.061;9240
1:19.408;9241
1:27.999;9253
1:28.778;9254
1:29.131;9255
1:29.164;9256
1:29.202;9257
1:29.742;9258
1:29.808;9259
1:30.439;9260
1:31.062;9261
1:28.796;9273
1:28.986;9274
1:28.991;9275
1:29.036;9276
1:29.475;9277
1:29.625;9278
1:29.690;9279
1:29.750;9280
1:29.932;9281
1:30.676;9282
1:18.750;9293
1:19.073;9294
1:19.166;9295
1:19.393;9296
1:19.420;9297
1:19.512;9298
1:19.608;9299
1:19.682;9300
1:20.297;9301
1:20.368;9302
1:11.376;9313
1:11.601;9314
1:11.629;9315
1:11.666;9316
1:11.849;9317
1:12.112;9318
1:12.247;9319
1:12.560;9320
1:12.732;9321
1:13.047;9322
1:41.359;9333
1:41.641;9334
1:41.706;9335
1:41.814;9336
1:42.712;9337
1:42.845;9338
1:42.924;9339
1:43.056;9340
1:43.091;9341
1:43.173;9342
1:21.299;9353
1:21.944;9354
1:22.096;9355
1:22.891;9356
1:22.960;9357
1:23.356;9358
1:23.529;9359
1:23.557;9360
1:23.749;9361
1:24.030;9362
1:40.983;9373
1:41.055;9374
1:41.298;9375
1:41.616;9376
1:41.995;9377
1:42.084;9378
1:42.116;9379
1:42.161;9380
1:42.719;9381
2:03.095;9382
1:04.984;9393
1:05.013;9394
1:05.066;9395
1:05.431;9396
1:05.726;9397
1:05.879;9398
1:06.011;9399
1:06.103;9400
1:13.151;9401
1:30.872;9413
1:31.176;9414
1:31.335;9415
1:31.765;9416
1:32.032;9417
1:32.131;9418
1:32.552;9419
1:32.780;9420
1:17.377;9433
1:17.421;9434
1:17.567;9435
1:17.769;9436
1:18.018;9437
1:18.078;9438
1:18.142;9439
1:18.157;9440
1:18.379;9441
1:18.823;9442
1:43.665;9453
1:44.297;9454
1:44.462;9455
1:44.553;9456
1:45.180;9457
1:45.368;9458
1:45.503;9459
1:45.776;9460
1:45.837;9461
1:46.178;9462
1:10.342;9473
1:10.363;9474
1:10.434;9475
1:10.648;9476
1:11.077;9477
1:11.147;9478
1:11.174;9479
1:11.442;9480
1:12.556;9481
1:20.161;9493
1:20.306;9494
1:20.429;9495
1:21.206;9496
1:21.524;9497
1:21.542;9498
1:21.584;9499
1:21.925;9500
1:22.648;9501
1:49.412;9513
1:49.434;9514
1:49.466;9515
1:49.583;9516
1:49.966;9517
1:50.584;9518
1:51.211;9519
1:51.395;9520
1:51.573;9521
1:51.983;9522
1:29.304;9533
1:29.314;9534
1:29.361;9535
1:29.709;9536
1:30.165;9537
1:30.261;9538
1:30.322;9539
1:30.389;9540
1:30.554;9541
1:31.003;9542
1:34.356;9553
1:34.421;9554
1:34.448;9555
1:34.645;9556
1:34.947;9557
1:34.988;9558
1:35.598;9559
1:35.690;9560
1:35.876;9561
1:36.319;9562
1:17.775;9573
1:18.079;9574
1:18.084;9575
1:18.128;9576
1:18.351;9577
1:18.401;9578
1:18.555;9579
1:18.721;9580
1:18.939;9581
1:19.010;9582
1:11.674;9593
1:11.877;9594
1:12.059;9595
1:12.263;9596
1:12.357;9597
1:12.425;9598
1:12.504;9599
1:12.611;9600
1:15.601;9601
1:23.824;9613
1:24.052;9614
1:24.092;9615
1:24.242;9616
1:24.508;9617
1:24.511;9618
1:24.769;9619
1:24.830;9620
1:24.961;9621
1:25.045;9622
1:29.708;9633
1:29.846;9634
1:30.000;9635
1:30.154;9636
1:30.336;9637
1:30.340;9638
1:30.384;9639
1:30.836;9640
1:30.984;9641
1:28.265;9653
1:28.420;9654
1:28.730;9655
1:28.857;9656
1:28.931;9657
1:28.945;9658
1:29.078;9659
1:29.223;9660
1:29.243;9661
1:29.357;9662
1:16.732;9673
1:16.968;9674
1:17.104;9675
1:17.139;9676
1:17.270;9677
1:17.308;9678
1:17.369;9679
1:17.609;9680
1:17.675;9681
1:17.735;9682
1:40.203;9693
1:40.391;9694
1:40.495;9695
1:41.016;9696
1:41.177;9697
1:41.253;9698
1:41.281;9699
1:41.581;9700
1:41.611;9701
1:41.611;9702
1:26.841;9713
1:27.202;9714
1:27.349;9715
1:27.767;9716
1:27.786;9717
1:27.804;9718
1:27.861;9719
1:27.935;9720
1:11.365;9733
1:11.449;9734
1:11.471;9735
1:11.553;9736
1:11.630;9737
1:11.725;9738
1:11.933;9739
1:11.964;9740
1:12.082;9741
1:12.254;9742
1:12.272;9753
1:12.734;9754
1:12.792;9755
1:12.816;9756
1:12.818;9757
1:12.994;9758
1:13.083;9759
1:13.229;9760
1:13.507;9761
1:13.682;9762
1:25.858;9773
1:27.102;9774
1:27.286;9775
1:27.627;9776
1:27.893;9777
1:27.945;9778
1:28.046;9779
1:29.294;9780
1:31.349;9781
1:04.391;9793
1:04.439;9794
1:04.581;9795
1:04.658;9796
1:04.819;9797
1:04.893;9798
1:04.911;9799
1:05.090;9800
1:05.170;9801
1:05.823;9802
1:26.720;9813
1:26.961;9814
1:27.092;9815
1:27.136;9816
1:27.148;9817
1:27.155;9818
1:27.211;9819
1:27.530;9820
1:27.659;9821
1:27.689;9822
1:16.609;9833
1:16.612;9834
1:16.694;9835
1:16.905;9836
1:16.971;9837
1:16.992;9838
1:17.034;9839
1:17.035;9840
1:17.045;9841
1:17.186;9842
1:46.168;9853
1:46.988;9854
1:47.045;9855
1:47.087;9856
1:47.152;9857
1:47.365;9858
1:47.669;9859
1:47.805;9860
1:47.843;9861
1:48.841;9862
